First name,Last name,Email,Username,Password,Role,Avatar
Marc,Ribas,marc@vantrip.com,mribas,Vantrip2026!,admin,https://images.unsplash.com/photo-1534528741775-53994a69daeb?w=500
Laia,Sanz,laia@vantrip.com,lsanz,Vantrip2026!,admin,https://images.unsplash.com/photo-1507003211169-0a1dd7228f2d?w=500
Jordi,Pujol,jordi.pujol@gmail.com,jpujol,Vantrip2026!,user,https://images.unsplash.com/photo-1500648767791-00dcc994a43e?w=500
Marta,Vila,marta.vila@gmail.com,mvila,Vantrip2026!,user,https://images.unsplash.com/photo-1494790108377-be9c29b29330?w=500
Pol,Alvarez,pol.alvarez@gmail.com,palvarez,Vantrip2026!,user,https://images.unsplash.com/photo-1522075469751-3a6694fb2f61?w=500
Nuria,Sole,nuria.sole@gmail.com,nsole,Vantrip2026!,user,https://images.unsplash.com/photo-1438761681033-6461ffad8d80?w=500
Carles,Roca,carles.roca@gmail.com,croca,Vantrip2026!,user,https://images.unsplash.com/photo-1472099645785-5658abf4ff4e?w=500
Anna,Font,anna.font@gmail.com,afont,Vantrip2026!,user,https://images.unsplash.com/photo-1544005313-94ddf0286df2?w=500
David,Serra,david.serra@gmail.com,dserra,Vantrip2026!,user,https://images.unsplash.com/photo-1519085360753-af0119f7cbe7?w=500
Clara,Costa,clara.costa@gmail.com,ccosta,Vantrip2026!,user,https://images.unsplash.com/photo-1517841905240-472988babdf9?w=500
Albert,Bosch,albert.bosch@gmail.com,abosch,Vantrip2026!,user,https://images.unsplash.com/photo-1506794778202-cad84cf45f1d?w=500
Silvia,Mas,silvia.mas@gmail.com,smas,Vantrip2026!,user,https://images.unsplash.com/photo-1524504388940-b1c1722653e1?w=500
Oriol,Perez,oriol.perez@gmail.com,operez,Vantrip2026!,user,https://images.unsplash.com/photo-1501196354995-cbb51c65aaea?w=500
Gemma,Grau,gemma.grau@gmail.com,ggrau,Vantrip2026!,user,https://images.unsplash.com/photo-1534528741775-53994a69daeb?w=500
Roger,Gomez,roger.gomez@gmail.com,rgomez,Vantrip2026!,user,https://images.unsplash.com/photo-1492562080023-ab3db95bfbce?w=500
Elena,Torres,elena.torres@gmail.com,etorres,Vantrip2026!,user,https://images.unsplash.com/photo-1529626455594-4ff0802cfb7e?w=500
Pau,Casals,pau.casals@gmail.com,pcasals,Vantrip2026!,user,https://images.unsplash.com/photo-1539571696357-5a69c17a67c6?w=500
Marina,Pons,marina.pons@gmail.com,mpons,Vantrip2026!,user,https://images.unsplash.com/photo-1517841905240-472988babdf9?w=500
Sergi,Morera,sergi.morera@gmail.com,smorera,Vantrip2026!,user,https://images.unsplash.com/photo-1463453091185-61582044d556?w=500
Laura,Pages,laura.pages@gmail.com,lpages,Vantrip2026!,user,https://images.unsplash.com/photo-1488426862026-3ee34a7d66df?w=500
Arnau,Molina,arnau.molina@gmail.com,amolina,Vantrip2026!,user,https://images.unsplash.com/photo-1507003211169-0a1dd7228f2d?w=500
Judit,Vidal,judit.vidal@gmail.com,jvidal,Vantrip2026!,user,https://images.unsplash.com/photo-1508214751196-bcfd4ca60f91?w=500
Hector,Salvat,hector.salvat@gmail.com,hsalvat,Vantrip2026!,user,https://images.unsplash.com/photo-1500648767791-00dcc994a43e?w=500
Mireia,Comas,mireia.comas@gmail.com,mcomas,Vantrip2026!,user,https://images.unsplash.com/photo-1534528741775-53994a69daeb?w=500
Xavier,Rios,xavier.rios@gmail.com,xrios,Vantrip2026!,user,https://images.unsplash.com/photo-1472099645785-5658abf4ff4e?w=500
Sara,Navarro,sara.navarro@gmail.com,snavarro,Vantrip2026!,user,https://images.unsplash.com/photo-1517841905240-472988babdf9?w=500
Joan,Marti,joan.marti@gmail.com,jmarti,Vantrip2026!,user,https://images.unsplash.com/photo-1522075469751-3a6694fb2f61?w=500
Cristina,Soto,cristina.soto@gmail.com,csoto,Vantrip2026!,user,https://images.unsplash.com/photo-1544005313-94ddf0286df2?w=500
Marc,Soler,marc.soler@gmail.com,msoler,Vantrip2026!,user,https://images.unsplash.com/photo-1519085360753-af0119f7cbe7?w=500
Berta,Coll,berta.coll@gmail.com,bcoll,Vantrip2026!,user,https://images.unsplash.com/photo-1494790108377-be9c29b29330?w=500